{"cameraMode":{"drawMode":0,"name":"Shaded","section":"Shading Mode"},"sceneLighting":true,"audioPlay":false,"sceneViewState":{"showFog":true,"showMaterialUpdate":true,"showSkybox":true,"showFlares":true,"showImageEffects":true,"showParticleSystems":true},"in2DMode":false,"pivot":{"x":0.5996522903442383,"y":-1.2711328268051148,"z":1.0057196617126465},"rotation":{"x":0.3930724859237671,"y":0.25313448905944826,"z":-0.11349941045045853,"w":0.8766646981239319},"size":2.014071464538574,"orthographic":false}